Feature Id,Importances
Type,16.83460420652642
Regionname,16.763442507437375
Distance,15.029762030697233
Bathroom,10.186849207785077
CouncilArea,9.112221332720159
Rooms,7.983770197082897
Landsize,7.460468282844038
YearBuilt,5.681560762152822
BuildingArea,5.2935944665289085
Bedroom2,2.6406696698339513
Propertycount,1.3619314736984565
Car,1.2179617295640455
Method,0.4331641331286074
